insert into items (item_id,item_name,category,price) values
('It001','Espresso','Coffee',120),
('It002','Double Espresso','Coffee',150),
('It003','Cappuccino','Coffee',150),
('It004','Caffe Latte','Coffee',160),
('It005','Vanilla Latte','Coffee',170),
('It006','Caramel Latte','Coffee',180),
('It007','Hazelnut Latte','Coffee',180),
('It008','Americano','Coffee',140),
('It009','Long Black','Coffee',145),
('It010','Mocha','Coffee',170),
('It011','Flat White','Coffee',160),
('It012','Macchiato','Coffee',155),
('It013','Affogato','Coffee',190),
('It014','Cold Coffee','Cold Drink',180),
('It015','Iced Latte','Cold Drink',190),
('It016','Lemon Iced Tea','Cold Drink',140),
('It017','Peach Iced Tea','Cold Drink',150),
('It018','Green Tea','Tea',110),
('It019','Masala Tea','Tea',100),
('It020','Black Tea','Tea',90),
('It021','Hot Chocolate','Beverage',200),
('It022','White Hot Chocolate','Beverage',210),
('It023','Chocolate Brownie','Bakery',120),
('It024','Chocolate Muffin','Bakery',90),
('It025','Blueberry Muffin','Bakery',100),
('It026','Croissant','Bakery',110),
('It027','Cheese Sandwich','Snack',130);

insert into ingredients (ingredient_id,ingredient_name,unit) values
('Ing01','Coffee Beans','grams'),
('Ing02','Milk','ml'),
('Ing03','Sugar','grams'),
('Ing04','Cocoa Powder','grams'),
('Ing05','Tea Leaves','grams'),
('Ing06','Chocolate Syrup','ml'),
('Ing07','Flour','grams'),
('Ing08','Butter','grams'),
('Ing09','Yeast','grams'),
('Ing10','Salt','grams'),
('Ing11','Vanilla Syrup','ml'),
('Ing12','Caramel Syrup','ml'),
('Ing13','Hazelnut Syrup','ml'),
('Ing14','Ice Cubes','units'),
('Ing15','Lemon','units'),
('Ing16','Peach Syrup','ml'),
('Ing17','Water','ml'),
('Ing18','Cream','ml'),
('Ing19','Cheese','grams'),
('Ing20','Chocolate Chips','grams');

insert into recipes (recipe_id,item_id,ingredient_id,quantity_required) values
(1,'It001','Ing01',18),
(2,'It002','Ing01',22),
(3,'It003','Ing01',15),
(4,'It003','Ing02',120),
(5,'It004','Ing02',150),
(6,'It005','Ing11',20),
(7,'It006','Ing12',20),
(8,'It007','Ing13',20),
(9,'It008','Ing01',18),
(10,'It009','Ing01',18),
(11,'It010','Ing04',10),
(12,'It011','Ing02',100),
(13,'It012','Ing01',14),
(14,'It013','Ing18',30),
(15,'It014','Ing14',6),
(16,'It015','Ing02',160),
(17,'It016','Ing15',1),
(18,'It017','Ing16',25),
(19,'It018','Ing05',6),
(20,'It019','Ing05',8),
(21,'It020','Ing05',7),
(22,'It021','Ing06',25),
(23,'It022','Ing06',30),
(24,'It024','Ing07',100),
(25,'It027','Ing19',60);

insert into inventory (inventory_id,ingredient_id,quantity_available,last_updated) values
(1,'Ing01',6000,'2024-02-12'),
(2,'Ing02',12000,'2024-02-12'),
(3,'Ing03',4000,'2024-02-12'),
(4,'Ing04',2000,'2024-02-12'),
(5,'Ing05',1800,'2024-02-12'),
(6,'Ing06',2500,'2024-02-12'),
(7,'Ing07',5000,'2024-02-12'),
(8,'Ing08',3000,'2024-02-12'),
(9,'Ing09',1500,'2024-02-12'),
(10,'Ing10',1000,'2024-02-12'),
(11,'Ing11',1800,'2024-02-12'),
(12,'Ing12',1700,'2024-02-12'),
(13,'Ing13',1600,'2024-02-12'),
(14,'Ing14',500,'2024-02-12'),
(15,'Ing15',300,'2024-02-12'),
(16,'Ing16',900,'2024-02-12'),
(17,'Ing17',20000,'2024-02-12'),
(18,'Ing18',2500,'2024-02-12'),
(19,'Ing19',2200,'2024-02-12'),
(20,'Ing20',1800,'2024-02-12');

